[{"text":""},{"text":""},{"text":"https://www.kaggle.com/breandan/french-reddit-discussion FR REDDIT"},{"text":"https://lionbridge.ai/datasets/20-best-french-language-datasets-for-machine-learning/? FR SETS"},{"text":"https://www.zapptales.com/en/download-facebook-messenger-chat-history-how-to/"},{"text":"https://chatbotslife.com/replicate-your-friend-with-transformer-bc5efe3a1596?gi=1f06088aa0d6"},{"text":"Bonjour, \n\nsuite à la réunion de la semaine dernière je reprends contact avec vous.\nCarlos a publié le code de Marion ici : https://github.com/carlitoselmago/marionbotapi\nFrançois, si vous connaissez des personnes travaillant avec les transformers, n'hésitez pas à partager avec eux cette page et à nous mettre en contact.\nNous sommes toujours intéressés par la constitution d'un corpus conversationnel francophone - idéalement sur l'art.\nEt merci d'avance pour votre investissement sur ce projet.\nBonne journée,"},{"text":"Du coup si je récapitule on doit  :\n- Trouver des scripts de films pour en exporter répliques\n-Trouver des forums et  des serveurs et demander l'autorisation des propriétaires\n-Voir si c'est en accord avec la rgpd \n- Trouver et prendre en main les outils d'extraction"},{"text":"https://towardsdatascience.com/web-scraping-of-10-online-shops-in-30-minutes-with-python-and-scrapy-a7f66e42446d"},{"text":"Sinon : MechanicalSoup ou Scrapy"},{"text":"Si javascript : selenium"},{"text":"Si API: utiliser l'API"},{"text":"bon ok en gros:"},{"text":"Si le truc propose un API genre reste faut utiliser l'API lol"},{"text":"sinon go MS"},{"text":"Si javascript alors selenium"},{"text":"bon en gros selenium est un navigateur a 100%, la ou MS interagis avec des elements HTML."},{"text":"et il peut aussi faire de l'interaction web, cool"},{"text":"mechanicalsoup c'est un truc qui combine requests et beautifulsoup"},{"text":"faudra voir quelles sont nos sources"},{"text":"ouais selenium est bien je pense."},{"text":"On peut aussi vraiment customiser scrapy avec des proxys, pipeline, etc.\nsi notre truc est simple on peut juste faire un machin selenium."},{"text":"on peut config scrapy pour regarder JUSTE le fichier html, alors que selenium s'en va visiter tout les fichiers js,css, img"},{"text":"Comparaison:  scrapy fait just du DL html, parse les donnees, et les sauvegardent.\nSelenium automatise de l'interaction web (genre remplir un formulaire de recherche puis cliquer sur \"next page\")"},{"text":"selenium est une bonne idee pour les trucs o'u il faut simuler la requete avec des headers/cookies/payload, c'est un \"headless browser\" pis on scrap/parse ce qu'il recupere."},{"text":"https://ledatascientist.com/introduction-au-web-scraping-avec-python/\nhttps://ledatascientist.com/web-scraping-python-avec-selenium/"},{"text":"https://github.com/Tyrrrz/DiscordChatExporter nice un gui mais ca casse les ToS OOPS"},{"text":"https://dht.chylex.com/ extract discord chat history via navigator"},{"text":"tri!fddffkldkjs"},{"text":"Ton avatar: <https://cdn.discordapp.com/avatars/82963435289055232/f9a65eff2e2ad659d63c5deb7127979a.png>"},{"text":"tri!pfp"},{"text":"tri!pfp"},{"text":"Ton avatar: <https://cdn.discordapp.com/avatars/82963435289055232/f9a65eff2e2ad659d63c5deb7127979a.png>"},{"text":"tri!avatar"},{"text":"Pong."},{"text":"tri!ping"},{"text":"<@82963435289055232>, please wait 1.1 more second(s) before reusing the `ping` command."},{"text":"tri!ping"},{"text":"<@82963435289055232>, please wait 3.3 more second(s) before reusing the `ping` command."},{"text":"tri!ping"},{"text":"Pong."},{"text":"tri!ping"},{"text":"tri!role un deux"},{"text":"Il faut mettre des arguments, <@82963435289055232>!\nUtilisation de la commande: `tri!role <user> <role>`"},{"text":"tri!role"},{"text":"<@82963435289055232>, Cela n'est pas un chiffre valide."},{"text":"tri!prune"},{"text":"<@82963435289055232>, Cela n'est pas un chiffre valide."},{"text":"tri!prune"},{"text":"prune"},{"text":"Ton avatar: <https://cdn.discordapp.com/avatars/82963435289055232/f9a65eff2e2ad659d63c5deb7127979a.png>"},{"text":"tri!avatar"},{"text":"Ton avatar: <https://cdn.discordapp.com/avatars/82963435289055232/f9a65eff2e2ad659d63c5deb7127979a.png>"},{"text":"tri!avatar"},{"text":"t!prune 2"},{"text":"t!avatar"},{"text":"MERCI."},{"text":"tri!prune 1"},{"text":"Ton avatar: <https://cdn.discordapp.com/avatars/82963435289055232/f9a65eff2e2ad659d63c5deb7127979a.png>"},{"text":"tri!avatar"},{"text":"Limitation API: certains messages ont ete envoyés il y a plus de 2 semaines."},{"text":"tri!prune 4"},{"text":"Limitation API: certains messages ont ete envoyés il y a plus de 2 semaines."},{"text":"tri!prune 1"},{"text":"l'avatar de ElScrappito : <https://cdn.discordapp.com/embed/avatars/4.png>\nl'avatar de twis : <https://cdn.discordapp.com/avatars/82963435289055232/f9a65eff2e2ad659d63c5deb7127979a.png>"},{"text":"tri!avatar <@!826799353343377449>  <@!82963435289055232>"},{"text":"l'avatar de ElScrappito : <<https://cdn.discordapp.com/embed/avatars/4.png>\nl'avatar de twis : <<https://cdn.discordapp.com/avatars/82963435289055232/f9a65eff2e2ad659d63c5deb7127979a.png>"},{"text":"tri!avatar <@!826799353343377449>  <@!82963435289055232>"},{"text":"Ton avatar: <https://cdn.discordapp.com/avatars/82963435289055232/f9a65eff2e2ad659d63c5deb7127979a.png>"},{"text":"tri!avatar"},{"text":"Ton avatar: <https://cdn.discordapp.com/avatars/82963435289055232/f9a65eff2e2ad659d63c5deb7127979a.jpg>"},{"text":"tri!avatar stp"},{"text":"tu veux kick:  ElScrappito"},{"text":"tri!fakekick <@!826799353343377449>"},{"text":"<@82963435289055232>, Il faut tag quelqu'un pour pouvoir le kick."},{"text":"tri!fakekick oops"},{"text":"Nom de commande?  : args-info\nArguments? : je,ne,suis,pas,une,vrai,commande"},{"text":"tri!args-info je ne suis pas une vrai commande"},{"text":"TOI ET MOI ElScrappito, toi et moi.."},{"text":"Server name: pastebin\nTotal members: 2"},{"text":"tri!server"},{"text":"tri!server info please"},{"text":"Boop."},{"text":"tri!beep test2"},{"text":"Pong."},{"text":"tri!ping test"},{"text":"Pong."},{"text":"tri!ping"},{"text":"Pong."},{"text":"${prefix}ping"},{"text":"${prefix}ping"},{"text":"tri!ping"},{"text":"Pong."},{"text":"tri!ping"},{"text":"Pong."},{"text":"ping"},{"text":"tri!ping"},{"text":"Pong."},{"text":"!ping"},{"text":"!ping"},{"text":"!ping"},{"text":"twitch.tv/holofightz (tous les samedis vers 17-20h)"},{"text":""},{"text":"https://www.kaggle.com/breandan/french-reddit-discussion FR REDDIT"},{"text":"https://lionbridge.ai/datasets/20-best-french-language-datasets-for-machine-learning/ FR"},{"text":"https://github.com/alexa/Topical-Chat"},{"text":"https://ccdb.cs.cf.ac.uk/ faut s'inscrire"},{"text":"https://github.com/PolyAI-LDN/conversational-datasets"},{"text":"https://breakend.github.io/DialogDatasets/"},{"text":"http://freeconnection.blogspot.com/2016/04/conversational-datasets-for-train.html"},{"text":"http://www.cs.cornell.edu/~cristian/Cornell_Movie-Dialogs_Corpus.html il utilise deja"},{"text":"é è à ù â ê î ô û"},{"text":"j'aime l'art."},{"text":"JE SUIS D'ACCORD MEME SI JE SUIS LA MEME PERSONNE QUI PARLE"},{"text":"L'ART C'EST TROP BIEN"},{"text":"assez de messages"},{"text":"devrais y avoir"},{"text":"il"},{"text":"ok"},{"text":"100"},{"text":"99"},{"text":"98"},{"text":"97"},{"text":"96"},{"text":"95"},{"text":"94"},{"text":"93"},{"text":"92"},{"text":"91"},{"text":"90"},{"text":"89"},{"text":"88"},{"text":"87"},{"text":"86"},{"text":"85"},{"text":"84"},{"text":"83"},{"text":"82"},{"text":"81"},{"text":"80"},{"text":"79"},{"text":"78"},{"text":"77"},{"text":"76"},{"text":"75"},{"text":"74"},{"text":"73"},{"text":"72"},{"text":"71"},{"text":"70"},{"text":"69"},{"text":"68"},{"text":"67"},{"text":"66"},{"text":"65"},{"text":"64"},{"text":"63"},{"text":"62"},{"text":"61"},{"text":"60"},{"text":"59"},{"text":"58"},{"text":"57"},{"text":"56"},{"text":"55"},{"text":"54"},{"text":"53"},{"text":"52"},{"text":"51"},{"text":"50"},{"text":"49"},{"text":"48"},{"text":"47"},{"text":"46"},{"text":"45"},{"text":"44"},{"text":"43"},{"text":"42"},{"text":"41"},{"text":"40"},{"text":"39"},{"text":"38"},{"text":"37"},{"text":"36"},{"text":"35"},{"text":"34"},{"text":"33"},{"text":"32"},{"text":"31"},{"text":"30"},{"text":"29"},{"text":"28"},{"text":"27"},{"text":"26"},{"text":"25"},{"text":"24"},{"text":"23"},{"text":"22"},{"text":"21"},{"text":"20"},{"text":"19"},{"text":"18"},{"text":"17"},{"text":"16"},{"text":"15"},{"text":"14"},{"text":"13"},{"text":"12"},{"text":"11"},{"text":"10"},{"text":"9"},{"text":"8"},{"text":"7"},{"text":"6"},{"text":"5"},{"text":"4"},{"text":"3"},{"text":"2"},{"text":"1"}]